COUNTRY,ISO3,WHO_REGION,DATA_SOURCE,DATE_UPDATED,TOTAL_VACCINATIONS,PERSONS_VACCINATED_1PLUS_DOSE,TOTAL_VACCINATIONS_PER100,PERSONS_VACCINATED_1PLUS_DOSE_PER100,PERSONS_FULLY_VACCINATED,PERSONS_FULLY_VACCINATED_PER100,VACCINES_USED,FIRST_VACCINE_DATE,NUMBER_VACCINES_TYPES_USED,PERSONS_BOOSTER_ADD_DOSE,PERSONS_BOOSTER_ADD_DOSE_PER100
Afghanistan,AFG,EMRO,REPORTING,2023-01-29,12684950,11684678,32.585,30.016,10967235,28.173,"AstraZeneca - Vaxzevria,Beijing CNBG - BBIBP-CorV,Bharat - Covaxin,CanSino - Convidecia,Gamaleya - Gam-Covid-Vac,Gamaleya - Sputnik-Light,Janssen - Ad26.COV 2-S,Moderna - Spikevax,Pfizer BioNTech - Comirnaty,SII - Covishield,Sinovac - CoronaVac",2021-02-22,11,,
Albania,ALB,EURO,REPORTING,2023-01-15,3047340,1344582,105.9,47.245,1273313,44.741,"AstraZeneca - Vaxzevria,Gamaleya - Gam-Covid-Vac,Pfizer BioNTech - Comirnaty,SII - Covishield,Sinovac - CoronaVac",2021-01-13,5,385638,13.55
Algeria,DZA,AFRO,REPORTING,2022-09-04,15267442,7840131,34.817,17.879,6481186,14.78,"Beijing CNBG - BBIBP-CorV,Gamaleya - Gam-Covid-Vac,SII - Covishield,Sinovac - CoronaVac",2021-01-30,4,575651,1.313
American Samoa,ASM,WPRO,REPORTING,2022-09-26,111316,44671,201.67,80.93,42547,77.082,"Janssen - Ad26.COV 2-S,Moderna - Spikevax,Pfizer BioNTech - Comirnaty",2020-12-21,3,24160,43.77
Andorra,AND,EURO,REPORTING,2022-12-18,156242,57901,202.2,76.009,53489,70.217,"AstraZeneca - Vaxzevria,Moderna - Spikevax,Pfizer BioNTech - Comirnaty",2021-01-20,3,43020,56.474
Angola,AGO,AFRO,REPORTING,2023-01-01,23893345,15079129,72.699,45.88,8306664,25.274,SII - Covishield,2021-03-10,1,1526098,4.643
Anguilla,AIA,AMRO,REPORTING,2023-01-27,24474,10853,163.138,72.344,10377,69.171,"AstraZeneca - Vaxzevria,Pfizer BioNTech - Comirnaty",2021-02-05,2,3003,20.017
Antigua and Barbuda,ATG,AMRO,REPORTING,2023-01-27,136512,64290,139.399,65.65,62384,63.703,"AstraZeneca - Vaxzevria,Beijing CNBG - BBIBP-CorV,Gamaleya - Gam-Covid-Vac,Janssen - Ad26.COV 2-S,Pfizer BioNTech - Comirnaty,SII - Covishield",2021-03-01,6,9838,10.046
Argentina,ARG,AMRO,REPORTING,2022-10-07,109652736,41324100,242.617,91.434,37840119,83.725,"AstraZeneca - Vaxzevria,Beijing CNBG - BBIBP-CorV,CanSino - Convidecia,Gamaleya - Gam-Covid-Vac,Moderna - Spikevax,Pfizer BioNTech - Comirnaty,SII - Covishield",2020-12-29,7,30810184,68.17
Armenia,ARM,EURO,REPORTING,2022-05-22,2150112,1129669,72.6,38.123,985807,33.268,"AstraZeneca - Vaxzevria,Beijing CNBG - BBIBP-CorV,Gamaleya - Gam-Covid-Vac,Gamaleya - Sputnik-Light,Moderna - Spikevax,Pfizer BioNTech - Comirnaty,Sinovac - CoronaVac,Wuhan CNBG - Inactivated",2021-06-16,8,40725,1.374
Aruba,ABW,AMRO,REPORTING,2023-01-27,174271,90217,163.227,84.5,84054,78.727,"Janssen - Ad26.COV 2-S,Pfizer BioNTech - Comirnaty",2021-02-17,2,,
Australia,AUS,WPRO,REPORTING,2023-01-04,64549484,22235240,253.136,87.197,21655300,84.923,"AstraZeneca - Vaxzevria,Janssen - Ad26.COV 2-S,Moderna - Spikevax,Novavax-NUVAXOVID,Pfizer BioNTech - Comirnaty",2021-02-21,5,14328433,56.19
Austria,AUT,EURO,REPORTING,2023-01-22,20353215,6897936,228.7,77.604,6680013,75.047,"AstraZeneca - Vaxzevria,Janssen - Ad26.COV 2-S,Moderna - Spikevax,Moderna – Spikevax Bivalent Original/Omicron BA.1,Novavax-NUVAXOVID,Pfizer BioNTech - Comirnaty,Pfizer BioNTech - Comirnaty Bivalent Original/Omicron BA.1,Pfizer BioNTech - Comirnaty Bivalent Original/Omicron BA.4/BA.5,Unknown Vaccine,Valneva - VLA2001",2020-12-30,10,5401049,60.679
Azerbaijan,AZE,EURO,REPORTING,2023-01-22,13800694,5424470,136.1,53.5,4880403,48.134,"AstraZeneca - Vaxzevria,Gamaleya - Gam-Covid-Vac,Gamaleya - Sputnik-Light,Pfizer BioNTech - Comirnaty,Sinovac - CoronaVac",2021-01-20,5,3495823,34.478
Bahamas,BHS,AMRO,REPORTING,2023-01-27,364701,174147,92.742,44.285,165633,42.12,"AstraZeneca - Vaxzevria,Janssen - Ad26.COV 2-S,Pfizer BioNTech - Comirnaty,SII - Covishield",2021-03-14,4,33585,8.54
Bahrain,BHR,EMRO,REPORTING,2022-12-21,3476633,1241174,204.319,72.943,1226796,72.098,"AstraZeneca - Vaxzevria,Beijing CNBG - BBIBP-CorV,Bharat - Covaxin,CanSino - Convidecia,Gamaleya - Gam-Covid-Vac,Gamaleya - Sputnik-Light,Janssen - Ad26.COV 2-S,Moderna - Spikevax,Pfizer BioNTech - Comirnaty,SII - Covishield,Sinovac - CoronaVac",2020-11-04,11,1008663,59.278
Bangladesh,BGD,SEARO,REPORTING,2023-01-31,353046718,150980772,214.371,91.676,135405753,82.219,"AstraZeneca - Vaxzevria,Beijing CNBG - BBIBP-CorV,Gamaleya - Gam-Covid-Vac,Janssen - Ad26.COV 2-S,Moderna - Spikevax,Pfizer BioNTech - Comirnaty,SII - Covishield,Sinovac - CoronaVac",2021-01-27,8,66660193,40.476
Barbados,BRB,AMRO,REPORTING,2023-01-27,381013,163833,132.584,57.01,155010,53.94,"AstraZeneca - Vaxzevria,Beijing CNBG - BBIBP-CorV,Janssen - Ad26.COV 2-S,Pfizer BioNTech - Comirnaty,SII - Covishield",2021-01-08,5,62170,21.634
Belarus,BLR,EURO,REPORTING,2023-01-22,18871846,6527591,199.7,69.08,6410184,67.838,"Beijing CNBG - BBIBP-CorV,Chumakov - Covi-Vac,Gamaleya - Gam-Covid-Vac,Gamaleya - Sputnik-Light",2021-02-03,4,5604725,59.314
Belgium,BEL,EURO,REPORTING,2023-01-22,29101394,9253720,252.6,80.31,9157461,79.475,"AstraZeneca - Vaxzevria,Janssen - Ad26.COV 2-S,Moderna - Spikevax,Pfizer BioNTech - Comirnaty",2020-12-30,4,7242110,62.852
Belize,BLZ,AMRO,REPORTING,2023-01-27,502020,251881,126.254,63.346,221297,55.654,"AstraZeneca - Vaxzevria,Beijing CNBG - BBIBP-CorV,Janssen - Ad26.COV 2-S,Pfizer BioNTech - Comirnaty,SII - Covishield",2021-03-01,5,51150,12.864
Benin,BEN,AFRO,REPORTING,2022-12-18,4232541,3697190,34.913,30.497,2742837,22.625,"AstraZeneca - Vaxzevria,Janssen - Ad26.COV 2-S,Pfizer BioNTech - Comirnaty,SII - Covishield,Sinovac - CoronaVac",2021-03-29,5,,
Bermuda,BMU,AMRO,REPORTING,2023-01-27,132042,48554,212.037,77.97,47657,76.529,"AstraZeneca - Vaxzevria,Moderna - Spikevax,Pfizer BioNTech - Comirnaty",2021-01-11,3,31829,51.112
Bhutan,BTN,SEARO,REPORTING,2022-10-30,2011426,699116,260.68,90.605,677669,87.826,"AstraZeneca - Vaxzevria,Beijing CNBG - BBIBP-CorV,Moderna - Spikevax,Pfizer BioNTech - Comirnaty,SII - Covishield",2021-03-27,5,634641,82.249
Bolivia (Plurinational State of),BOL,AMRO,REPORTING,2023-01-27,15709097,7457471,134.576,63.886,6260044,53.628,"AstraZeneca - Vaxzevria,Beijing CNBG - BBIBP-CorV,Gamaleya - Gam-Covid-Vac,Janssen - Ad26.COV 2-S,Moderna - Spikevax,Pfizer BioNTech - Comirnaty,SII - Covishield",2021-01-30,7,2399407,20.555
Bonaire,XAA,AMRO,REPORTING,2023-01-27,41537,17460,198.599,83.481,15919,76.113,,,,8158,39.005
"Bonaire, Sint Eustatius and Saba",BES,AMRO,OWID,2021-09-01,35845,19109,137.934,73.533,16736,64.401,"Moderna - mRNA-1273, Pfizer BioNTech - Comirnaty",,2,,
Bosnia and Herzegovina,BIH,EURO,REPORTING,2022-01-29,1924950,943394,58.7,28.755,846080,25.789,"AstraZeneca - AZD1222, Pfizer BioNTech - Comirnaty, Sinovac - CoronaVac, Gamaleya - Sputnik V",,4,,
Botswana,BWA,AFRO,REPORTING,2023-01-01,3121142,1691984,132.723,71.95,1427883,60.719,"Bharat - Covaxin,Janssen - Ad26.COV 2-S,Moderna - Spikevax,Pfizer BioNTech - Comirnaty,SII - Covishield,Sinovac - CoronaVac",2021-03-26,6,502795,21.381
Brazil,BRA,AMRO,REPORTING,2023-01-27,500646783,186446714,235.533,87.715,169338460,79.666,"AstraZeneca - Vaxzevria,Janssen - Ad26.COV 2-S,Pfizer BioNTech - Comirnaty,SII - Covishield,Sinovac - CoronaVac",2021-01-17,5,108445010,51.019
British Virgin Islands,VGB,AMRO,REPORTING,2023-01-27,41453,19466,137.094,64.378,18261,60.393,"AstraZeneca - Vaxzevria,Janssen - Ad26.COV 2-S",2021-02-11,2,3726,12.323
Brunei Darussalam,BRN,WPRO,REPORTING,2023-01-13,1287323,450788,294.259,103.042,446323,102.022,"AstraZeneca - Vaxzevria,Beijing CNBG - BBIBP-CorV,Janssen - Ad26.COV 2-S,Moderna - Spikevax,Pfizer BioNTech - Comirnaty",2021-04-03,5,339711,77.652
Bulgaria,BGR,EURO,REPORTING,2023-01-22,4611212,2106111,66.3,30.297,2077791,29.89,"AstraZeneca - Vaxzevria,Janssen - Ad26.COV 2-S,Moderna - Spikevax,Pfizer BioNTech - Comirnaty",2020-12-30,4,829770,11.937
Burkina Faso,BFA,AFRO,REPORTING,2022-11-27,5117982,4366726,24.484,20.89,3335753,15.958,"Beijing CNBG - BBIBP-CorV,Janssen - Ad26.COV 2-S,SII - Covishield",2021-06-02,3,,
Burundi,BDI,AFRO,REPORTING,2023-01-15,32265,31292,0.271,0.263,30699,0.258,Beijing CNBG - BBIBP-CorV,2021-10-18,1,287,0.002
Cabo Verde,CPV,AFRO,REPORTING,2022-09-25,859940,356734,154.669,64.162,308720,55.526,"Beijing CNBG - BBIBP-CorV,Moderna - Spikevax,Pfizer BioNTech - Comirnaty,SII - Covishield",2021-03-18,4,749,0.135
Cambodia,KHM,WPRO,REPORTING,2023-01-20,45612652,15254468,272.82,91.241,14620423,87.448,"AstraZeneca - Vaxzevria,Beijing CNBG - BBIBP-CorV,Janssen - Ad26.COV 2-S,Moderna - Spikevax,Pfizer BioNTech - Comirnaty,SII - Covishield,Sinovac - CoronaVac",2021-02-10,7,10477144,62.666
Cameroon,CMR,AFRO,REPORTING,2023-01-15,4251876,3666816,16.017,13.813,3323604,12.52,"Beijing CNBG - BBIBP-CorV,Janssen - Ad26.COV 2-S,Pfizer BioNTech - Comirnaty,SII - Covishield",2021-04-12,4,484663,1.826
Canada,CAN,AMRO,REPORTING,2023-01-27,93251186,32638385,247.074,86.477,31284255,82.889,"AstraZeneca - Vaxzevria,Janssen - Ad26.COV 2-S,Moderna - Spikevax,Pfizer BioNTech - Comirnaty,SII - Covishield",2020-12-14,5,19701200,52.199
Cayman Islands,CYM,AMRO,REPORTING,2023-01-27,150816,61859,229.483,94.125,60589,92.193,Pfizer BioNTech - Comirnaty,2021-01-15,1,24064,36.616
Central African Republic,CAF,AFRO,REPORTING,2023-01-15,2457192,2252721,50.876,46.642,2089053,43.254,"Bharat - Covaxin,SII - Covishield",2021-03-19,2,214090,4.433
Chad,TCD,AFRO,REPORTING,2023-01-15,6347672,6208632,38.644,37.798,6081324,37.023,Beijing CNBG - BBIBP-CorV,2021-06-04,1,1935632,11.784
Chile,CHL,AMRO,REPORTING,2023-01-27,64363040,18086318,336.694,94.613,17698313,92.583,"AstraZeneca - Vaxzevria,CanSino - Convidecia,Moderna - Spikevax,Pfizer BioNTech - Comirnaty,Sinovac - CoronaVac",2020-12-21,5,15718193,82.224
China,CHN,WPRO,REPORTING,2022-11-29,3465113661,1307511577,235.516,88.869,1277356924,86.819,"Anhui ZL - Zifivax,Beijing CNBG - BBIBP-CorV,CanSino - Convidecia,IMB - Covidful,Pfizer BioNTech - Comirnaty,Shenzhen - LV-SMENP-DC,Sinovac - CoronaVac,Wuhan CNBG - Inactivated",2020-07-22,8,804850776,54.704
Colombia,COL,AMRO,REPORTING,2023-01-27,90210929,42959468,177.291,84.428,36948604,72.615,"AstraZeneca - Vaxzevria,Janssen - Ad26.COV 2-S,Moderna - Spikevax,Pfizer BioNTech - Comirnaty,Sinovac - CoronaVac",2021-02-17,5,14675916,28.843
Comoros,COM,AFRO,REPORTING,2022-10-02,835021,438825,96.023,50.463,397080,45.662,"Beijing CNBG - BBIBP-CorV,Bharat - Covaxin,SII - Covishield",2021-04-10,3,,
Congo,COG,AFRO,REPORTING,2022-07-31,833210,695760,15.1,12.609,654119,11.854,"Beijing CNBG - BBIBP-CorV,Gamaleya - Gam-Covid-Vac,Moderna - Spikevax,SII - Covishield",2021-03-23,4,,
Cook Islands,COK,WPRO,REPORTING,2022-05-10,39612,15020,225.529,85.516,14676,83.557,Pfizer BioNTech - Comirnaty,2021-05-17,1,9916,56.456
Costa Rica,CRI,AMRO,REPORTING,2023-01-27,12778229,4605172,250.843,90.402,4314443,84.695,"AstraZeneca - Vaxzevria,Moderna - Spikevax,Pfizer BioNTech - Comirnaty",2020-12-24,3,2832234,55.598
Côte d’Ivoire,CIV,AFRO,REPORTING,2023-01-15,24277616,13388664,92.036,50.756,11966195,45.364,"Beijing CNBG - BBIBP-CorV,Gamaleya - Gam-Covid-Vac,Janssen - Ad26.COV 2-S,Pfizer BioNTech - Comirnaty,SII - Covishield",2021-03-01,5,2554059,9.682
Croatia,HRV,EURO,REPORTING,2022-10-23,5357755,2317461,132,57.141,2244181,55.3,"AstraZeneca - Vaxzevria,Janssen - Ad26.COV 2-S,Moderna - Spikevax,Novavax-NUVAXOVID,Pfizer BioNTech - Comirnaty,Unknown Vaccine",2020-12-23,6,954875,23.53
Cuba,CUB,AMRO,REPORTING,2023-01-27,38000988,10723618,335.502,94.676,10006374,88.344,"CIGB - CIGB-66,Finlay - Soberana Plus,Finlay - Soberana-02",,3,8687355,76.699
Curaçao,CUW,AMRO,REPORTING,2023-01-27,256029,108601,156.027,66.183,99955,60.914,"AstraZeneca - Vaxzevria,Moderna - Spikevax,Pfizer BioNTech - Comirnaty",2021-02-24,3,47473,28.931
Cyprus,CYP,EURO,REPORTING,2023-01-22,1855161,668623,208.9,75.295,655928,73.865,"AstraZeneca - Vaxzevria,Janssen - Ad26.COV 2-S,Moderna - Spikevax,Novavax-NUVAXOVID,Pfizer BioNTech - Comirnaty",2020-12-23,5,486947,54.836
Czechia,CZE,EURO,REPORTING,2023-01-22,18596005,6970704,173.9,65.184,6886211,64.394,"AstraZeneca - Vaxzevria,Janssen - Ad26.COV 2-S,Moderna - Spikevax,Novavax-NUVAXOVID,Pfizer BioNTech - Comirnaty,Pfizer BioNTech - Comirnaty Bivalent Original/Omicron BA.1,Pfizer BioNTech - Comirnaty Bivalent Original/Omicron BA.4/BA.5",2020-12-23,7,4361977,40.789
Democratic Republic of the Congo,COD,AFRO,REPORTING,2022-12-11,9988117,9145982,11.152,10.212,6848697,7.647,SII - Covishield,2021-04-19,1,,
Denmark,DNK,EURO,REPORTING,2023-01-22,15120340,4799671,259.7,82.429,4786565,82.204,"AstraZeneca - Vaxzevria,Janssen - Ad26.COV 2-S,Moderna - Spikevax,Pfizer BioNTech - Comirnaty,Unknown Vaccine",2020-12-16,5,3669848,63.026
Djibouti,DJI,EMRO,REPORTING,2022-12-07,338051,317428,34.216,32.128,297060,30.067,"AstraZeneca - Vaxzevria,Beijing CNBG - BBIBP-CorV,Bharat - Covaxin,CanSino - Convidecia,Gamaleya - Gam-Covid-Vac,Gamaleya - Sputnik-Light,Janssen - Ad26.COV 2-S,Moderna - Spikevax,Pfizer BioNTech - Comirnaty,SII - Covishield,Sinovac - CoronaVac",2021-03-15,11,,
Dominica,DMA,AMRO,REPORTING,2023-01-27,67647,32995,93.966,45.832,30659,42.587,"AstraZeneca - Vaxzevria,Beijing CNBG - BBIBP-CorV,Moderna - Spikevax,Pfizer BioNTech - Comirnaty,SII - Covishield",2021-02-12,5,3993,5.547
Dominican Republic,DOM,AMRO,REPORTING,2023-01-27,15906133,7304873,146.629,67.339,6076994,56.02,"AstraZeneca - Vaxzevria,SII - Covishield,Sinovac - CoronaVac",2021-02-16,3,2524266,23.27
Ecuador,ECU,AMRO,REPORTING,2023-01-27,39424111,15324257,223.454,86.857,14226313,80.634,"AstraZeneca - Vaxzevria,CanSino - Convidecia,Pfizer BioNTech - Comirnaty,Sinovac - CoronaVac",2021-01-20,4,7683647,43.551
Egypt,EGY,EMRO,REPORTING,2023-01-29,101407664,53850471,99.094,52.622,40166210,39.25,"AstraZeneca - Vaxzevria,Beijing CNBG - BBIBP-CorV,Bharat - Covaxin,CanSino - Convidecia,Gamaleya - Gam-Covid-Vac,Gamaleya - Sputnik-Light,Janssen - Ad26.COV 2-S,Moderna - Spikevax,Pfizer BioNTech - Comirnaty,Sinovac - CoronaVac",2021-01-24,10,10164581,9.933
El Salvador,SLV,AMRO,REPORTING,2023-01-27,11343183,4641961,174.882,71.567,4381204,67.546,"AstraZeneca - Vaxzevria,Beijing CNBG - BBIBP-CorV,Moderna - Spikevax,Pfizer BioNTech - Comirnaty,SII - Covishield,Sinovac - CoronaVac",2021-02-17,6,1870848,28.843
Equatorial Guinea,GNQ,AFRO,REPORTING,2022-07-24,488738,270109,34.836,19.252,214032,15.255,"Beijing CNBG - BBIBP-CorV,Sinovac - CoronaVac",2021-02-12,2,4597,0.328
Eritrea,ERI,AFRO,REPORTING,2022-07-03,,0,,0,0,0,,,,,
Estonia,EST,EURO,REPORTING,2023-01-22,2192989,844769,165,63.565,835676,62.881,"AstraZeneca - Vaxzevria,Janssen - Ad26.COV 2-S,Moderna - Spikevax,Moderna – Spikevax Bivalent Original/Omicron BA.1,Novavax-NUVAXOVID,Pfizer BioNTech - Comirnaty,Pfizer BioNTech - Comirnaty Bivalent Original/Omicron BA.1,Pfizer BioNTech - Comirnaty Bivalent Original/Omicron BA.4/BA.5",2020-12-23,8,486287,36.591
Eswatini,SWZ,AFRO,REPORTING,2023-01-15,820794,507582,70.748,43.751,413251,35.62,"Janssen - Ad26.COV 2-S,Pfizer BioNTech - Comirnaty,SII - Covishield",2021-03-19,3,158034,13.622
Ethiopia,ETH,AFRO,REPORTING,2022-07-31,52509414,43111242,45.675,37.5,36707357,31.93,"Beijing CNBG - BBIBP-CorV,Bharat - Covaxin,Janssen - Ad26.COV 2-S,SII - Covishield",2021-03-13,4,2421781,2.107
Falkland Islands (Malvinas),FLK,AMRO,REPORTING,2022-06-21,9390,3220,269.595,92.449,2976,85.444,AstraZeneca - AZD1222,,1,2543,73.012
Faroe Islands,FRO,EURO,OWID,2022-02-18,103894,41715,212.614,85.368,40895,83.69,"Moderna - mRNA-1273, Pfizer BioNTech - Comirnaty",,2,21284,43.557
Fiji,FJI,WPRO,REPORTING,2023-01-19,1552115,711686,173.141,79.39,640712,71.473,"AstraZeneca - Vaxzevria,Moderna - Spikevax,SII - Covishield",2021-03-07,3,170632,19.034
Finland,FIN,EURO,REPORTING,2023-01-22,13223869,4546199,239.3,82.28,4363420,78.972,"AstraZeneca - Vaxzevria,Janssen - Ad26.COV 2-S,Moderna - Spikevax,Pfizer BioNTech - Comirnaty,Unknown Vaccine",2020-12-23,5,3083000,55.798
France,FRA,EURO,REPORTING,2023-01-22,157553708,54644085,234,81.17,53146318,78.946,"AstraZeneca - Vaxzevria,Janssen - Ad26.COV 2-S,Moderna - Spikevax,Novavax-NUVAXOVID,Pfizer BioNTech - Comirnaty,Unknown Vaccine",2020-12-30,6,40965404,60.852
French Guiana,GUF,AMRO,REPORTING,2023-01-27,240424,99773,80.495,33.404,90098,30.165,"Moderna - Spikevax,Pfizer BioNTech - Comirnaty",2021-01-13,2,45990,15.398
French Polynesia,PYF,WPRO,REPORTING,2022-12-31,450069,191936,160.219,68.327,163896,58.345,"Janssen - Ad26.COV 2-S,Pfizer BioNTech - Comirnaty",2021-01-18,2,81177,28.898
Gabon,GAB,AFRO,REPORTING,2022-11-27,572672,311040,25.73,13.975,257378,11.564,"Beijing CNBG - BBIBP-CorV,Gamaleya - Gam-Covid-Vac,Pfizer BioNTech - Comirnaty",2021-03-23,3,2589,0.116
Gambia,GMB,AFRO,REPORTING,2022-11-13,815861,934799,33.76,38.681,454613,18.812,"Beijing CNBG - BBIBP-CorV,SII - Covishield",2021-03-10,2,31322,1.296
Georgia,GEO,EURO,REPORTING,2022-11-27,2727974,1296336,68.4,32.496,1182310,29.638,"AstraZeneca - Vaxzevria,Beijing CNBG - BBIBP-CorV,Pfizer BioNTech - Comirnaty,Sinovac - CoronaVac",2021-03-17,4,249328,6.25
Germany,DEU,EURO,REPORTING,2023-01-22,192988159,64858240,232,77.986,63554685,76.418,"AstraZeneca - Vaxzevria,Janssen - Ad26.COV 2-S,Moderna - Spikevax,Moderna – Spikevax Bivalent Original/Omicron  - Generic,Novavax-NUVAXOVID,Pfizer BioNTech - Comirnaty,Pfizer BioNTech - Comirnaty Bivalent Original/Omicron - Generic,Unknown Vaccine,Valneva - VLA2001",2020-12-23,9,52110386,62.658
Ghana,GHA,AFRO,REPORTING,2023-01-15,22384226,12853113,72.038,41.364,9806758,31.56,"Gamaleya - Gam-Covid-Vac,SII - Covishield",2021-03-02,2,3102301,9.984
Gibraltar,GIB,EURO,OWID,2022-12-16,132810,42175,394.2,125.182,41465,123.074,"AstraZeneca - AZD1222, Pfizer BioNTech - Comirnaty",,2,49170,145.944
Greece,GRC,EURO,REPORTING,2023-01-22,21961484,7914400,204.9,73.838,7742156,72.231,"AstraZeneca - Vaxzevria,Janssen - Ad26.COV 2-S,Moderna - Spikevax,Novavax-NUVAXOVID,Pfizer BioNTech - Comirnaty,Pfizer BioNTech - Comirnaty Bivalent Original/Omicron BA.1,Pfizer BioNTech - Comirnaty Bivalent Original/Omicron BA.4/BA.5",2020-12-23,7,5902118,55.064
Greenland,GRL,EURO,OWID,2022-03-14,79738,41227,140.453,72.619,38511,67.834,Moderna - mRNA-1273,,1,,
Grenada,GRD,AMRO,REPORTING,2023-01-27,90507,44180,80.434,39.263,38975,34.637,"AstraZeneca - Vaxzevria,Janssen - Ad26.COV 2-S,Moderna - Spikevax,Pfizer BioNTech - Comirnaty,SII - Covishield",2021-02-15,5,7352,6.534
Guadeloupe,GLP,AMRO,REPORTING,2023-01-27,397202,151494,99.27,37.862,145565,36.38,"AstraZeneca - Vaxzevria,Janssen - Ad26.COV 2-S,Moderna - Spikevax,Novavax-NUVAXOVID,Pfizer BioNTech - Comirnaty",2021-01-08,7,88495,22.117
Guam,GUM,WPRO,REPORTING,2022-08-23,368088,155225,218.094,91.972,141014,83.551,"Janssen - Ad26.COV 2-S,Moderna - Spikevax,Pfizer BioNTech - Comirnaty",2021-01-04,3,72131,42.738
Guatemala,GTM,AMRO,REPORTING,2023-01-27,20102040,8885920,112.204,49.599,7068685,39.456,"AstraZeneca - Vaxzevria,Gamaleya - Gam-Covid-Vac,Moderna - Spikevax,Pfizer BioNTech - Comirnaty,SII - Covishield",2021-02-25,5,3628470,20.253
Guernsey,GGY,EURO,OWID,2022-12-19,178525,54223,276.92,84.108,52710,81.761,"Moderna - mRNA-1273, AstraZeneca - AZD1222, Pfizer BioNTech - Comirnaty",,3,69339,107.556
Guinea,GIN,AFRO,REPORTING,2022-12-04,8749048,6087292,66.62,46.352,3293736,25.08,"Beijing CNBG - BBIBP-CorV,Gamaleya - Gam-Covid-Vac,Janssen - Ad26.COV 2-S,Pfizer BioNTech - Comirnaty,SII - Covishield,Sinovac - CoronaVac",2021-03-05,6,223977,1.705
Guinea-Bissau,GNB,AFRO,REPORTING,2022-12-04,673091,774740,34.202,39.367,426325,21.663,"Beijing CNBG - BBIBP-CorV,SII - Covishield",2021-04-02,2,906,0.046
Guyana,GUY,AMRO,REPORTING,2023-01-27,953690,493404,121.249,62.73,380118,48.327,"AstraZeneca - Vaxzevria,Beijing CNBG - BBIBP-CorV,Gamaleya - Gam-Covid-Vac,Janssen - Ad26.COV 2-S,Moderna - Spikevax,Pfizer BioNTech - Comirnaty,SII - Covishield",2021-02-11,7,75969,9.658
Haiti,HTI,AMRO,REPORTING,2023-01-27,515718,406534,4.523,3.565,238352,2.09,"Janssen - Ad26.COV 2-S,Moderna - Spikevax",,2,,
Honduras,HND,AMRO,REPORTING,2023-01-27,16987951,6479241,171.516,65.416,5784379,58.401,"AstraZeneca - Vaxzevria,Gamaleya - Gam-Covid-Vac,Janssen - Ad26.COV 2-S,Moderna - Spikevax,Pfizer BioNTech - Comirnaty,SII - Covishield",2021-02-22,6,4724706,47.702
Hungary,HUN,EURO,REPORTING,2023-01-22,16563009,6357626,169.5,65.076,6151000,62.961,"AstraZeneca - Vaxzevria,Beijing CNBG - BBIBP-CorV,Gamaleya - Gam-Covid-Vac,Janssen - Ad26.COV 2-S,Moderna - Spikevax,Pfizer BioNTech - Comirnaty,Pfizer BioNTech - Comirnaty Bivalent Original/Omicron BA.1,Sinovac - CoronaVac",2020-12-23,8,3867737,39.59
Iceland,ISL,EURO,REPORTING,2023-01-08,865331,307218,237.6,84.376,297852,81.797,"AstraZeneca - Vaxzevria,Janssen - Ad26.COV 2-S,Moderna - Spikevax,Novavax-NUVAXOVID,Pfizer BioNTech - Comirnaty",2020-12-30,5,254133,69.791
India,IND,SEARO,REPORTING,2023-01-31,2205113973,1025742707,159.79,74.329,951862244,68.975,"Bharat - Covaxin,Biological E - Corbevax,Gamaleya - Gam-Covid-Vac,Janssen - Ad26.COV 2-S,Moderna - Spikevax,SII - Covishield,SII - Covovax,Zydus - ZyCov-D",2021-01-16,8,227509022,16.486
Indonesia,IDN,SEARO,REPORTING,2023-01-17,444303130,203657535,162.437,74.457,172693321,63.137,"AstraZeneca - Vaxzevria,Beijing CNBG - BBIBP-CorV,Janssen - Ad26.COV 2-S,Moderna - Spikevax,Novavax-NUVAXOVID,Pfizer BioNTech - Comirnaty,Sinovac - CoronaVac",2021-01-13,7,67952274,24.843
Iran (Islamic Republic of),IRN,EMRO,REPORTING,2023-01-29,155011109,65150916,184.553,77.567,58536022,69.692,"AstraZeneca - Vaxzevria,Beijing CNBG - BBIBP-CorV,Bharat - Covaxin,CanSino - Convidecia,Finlay - Soberana-02,Gamaleya - Gam-Covid-Vac,Gamaleya - Sputnik-Light,Janssen - Ad26.COV 2-S,Moderna - Spikevax,Pfizer BioNTech - Comirnaty,Shifa - COVIran Barakat,Sinovac - CoronaVac",2021-02-09,12,31324171,37.294
Iraq,IRQ,EMRO,REPORTING,2023-01-02,19557364,11332925,48.623,28.176,7944775,19.752,"AstraZeneca - Vaxzevria,Beijing CNBG - BBIBP-CorV,Bharat - Covaxin,CanSino - Convidecia,Gamaleya - Gam-Covid-Vac,Gamaleya - Sputnik-Light,Janssen - Ad26.COV 2-S,Moderna - Spikevax,Pfizer BioNTech - Comirnaty,Sinovac - CoronaVac",2021-03-02,10,275280,0.684
Ireland,IRL,EURO,REPORTING,2023-01-22,12289545,4106359,247.6,85.351,4058806,81.758,"AstraZeneca - Vaxzevria,Janssen - Ad26.COV 2-S,Moderna - Spikevax,Novavax-NUVAXOVID,Pfizer BioNTech - Comirnaty",2020-12-30,5,3047842,61.393
Isle of Man,IMN,EURO,OWID,2022-06-23,189994,69560,223.438,81.804,67106,78.919,"Moderna - mRNA-1273, AstraZeneca - AZD1222, Pfizer BioNTech - Comirnaty",,3,53328,62.715
Israel,ISR,EURO,REPORTING,2022-06-05,15026951,7055466,173.6,81.514,6385731,73.776,"AstraZeneca - Vaxzevria,Moderna - Spikevax,Pfizer BioNTech - Comirnaty",2020-12-16,3,1585754,18.321
Italy,ITA,EURO,REPORTING,2023-01-22,150074539,50576569,251.6,84.805,49478634,82.96,"AstraZeneca - Vaxzevria,Janssen - Ad26.COV 2-S,Moderna - Spikevax,Moderna – Spikevax Bivalent Original/Omicron BA.1,Novavax-NUVAXOVID,Pfizer BioNTech - Comirnaty,Pfizer BioNTech - Comirnaty Bivalent Original/Omicron BA.1,Pfizer BioNTech - Comirnaty Bivalent Original/Omicron BA.4/BA.5",2020-12-23,8,44888950,75.265
Jamaica,JAM,AMRO,REPORTING,2023-01-27,1511046,846453,51.029,28.585,746487,25.209,"AstraZeneca - Vaxzevria,Beijing CNBG - BBIBP-CorV,Janssen - Ad26.COV 2-S,Pfizer BioNTech - Comirnaty,SII - Covishield",2021-03-10,5,45736,1.545
Japan,JPN,WPRO,REPORTING,2023-01-06,371971415,104548672,294.103,82.663,103144685,81.552,"AstraZeneca - Vaxzevria,Moderna - Spikevax,Novavax-NUVAXOVID,Pfizer BioNTech - Comirnaty",2021-02-17,4,85278522,67.426
Jersey,JEY,EURO,OWID,2023-01-22,266854,84365,247.555,78.264,81876,75.955,"Moderna - mRNA-1273, AstraZeneca - AZD1222, Pfizer BioNTech - Comirnaty",,3,73654,68.327
Jordan,JOR,EMRO,REPORTING,2022-08-21,10057975,4821579,98.577,47.256,4558313,44.676,"AstraZeneca - Vaxzevria,Beijing CNBG - BBIBP-CorV,Bharat - Covaxin,CanSino - Convidecia,Gamaleya - Gam-Covid-Vac,Gamaleya - Sputnik-Light,Janssen - Ad26.COV 2-S,Moderna - Spikevax,Pfizer BioNTech - Comirnaty,Sinovac - CoronaVac",2021-01-13,10,682211,6.686
Kazakhstan,KAZ,EURO,REPORTING,2023-01-08,33565356,12372405,178.8,65.892,13043697,69.467,"Beijing CNBG - BBIBP-CorV,Gamaleya - Gam-Covid-Vac,Pfizer BioNTech - Comirnaty,RIBSP - QazVac,Sinovac - CoronaVac",2021-04-07,5,6714313,35.759
Kenya,KEN,AFRO,REPORTING,2023-01-08,23132128,14242625,43.019,26.487,10864421,20.205,"Beijing CNBG - BBIBP-CorV,Janssen - Ad26.COV 2-S,Moderna - Spikevax,Pfizer BioNTech - Comirnaty,SII - Covishield",2021-03-05,5,1782416,3.315
Kiribati,KIR,WPRO,REPORTING,2023-01-17,215382,99607,180.313,83.389,79836,66.837,"AstraZeneca - Vaxzevria,Beijing CNBG - BBIBP-CorV",2021-05-26,2,35939,30.087
Kosovo,XKX,EURO,REPORTING,2023-01-15,1836901,904558,102.3,50.375,824752,45.93,"AstraZeneca - Vaxzevria,Pfizer BioNTech - Comirnaty",2021-03-31,2,105624,5.882
Kuwait,KWT,EMRO,REPORTING,2023-01-29,8258076,3456075,193.372,80.928,3344576,78.317,"AstraZeneca - Vaxzevria,Beijing CNBG - BBIBP-CorV,Bharat - Covaxin,CanSino - Convidecia,Gamaleya - Gam-Covid-Vac,Gamaleya - Sputnik-Light,Janssen - Ad26.COV 2-S,Moderna - Spikevax,Pfizer BioNTech - Comirnaty,Sinovac - CoronaVac",2020-12-28,10,1457425,34.127
Kyrgyzstan,KGZ,EURO,REPORTING,2023-01-15,3065108,1491822,47,22.866,1316413,20.177,"AstraZeneca - Vaxzevria,Beijing CNBG - BBIBP-CorV,Gamaleya - Gam-Covid-Vac,Moderna - Spikevax,Pfizer BioNTech - Comirnaty,RIBSP - QazVac",2021-03-31,6,256873,3.937
Lao People's Democratic Republic,LAO,WPRO,REPORTING,2023-01-19,15053397,6290492,206.904,86.461,5648517,77.637,"AstraZeneca - Vaxzevria,Beijing CNBG - BBIBP-CorV,Gamaleya - Gam-Covid-Vac,Gamaleya - Sputnik-Light,Janssen - Ad26.COV 2-S,Pfizer BioNTech - Comirnaty,SII - Covishield,Sinovac - CoronaVac",2020-11-25,8,2359576,32.432
Latvia,LVA,EURO,REPORTING,2023-01-22,2974692,1344028,155.9,70.454,1304383,68.376,"AstraZeneca - Vaxzevria,Janssen - Ad26.COV 2-S,Moderna - Spikevax,Novavax-NUVAXOVID,Pfizer BioNTech - Comirnaty",2020-12-30,5,549685,28.814
Lebanon,LBN,EMRO,REPORTING,2022-12-22,5814699,2740227,85.192,40.147,2414223,35.371,"AstraZeneca - Vaxzevria,Beijing CNBG - BBIBP-CorV,Bharat - Covaxin,CanSino - Convidecia,Gamaleya - Gam-Covid-Vac,Gamaleya - Sputnik-Light,Janssen - Ad26.COV 2-S,Moderna - Spikevax,Pfizer BioNTech - Comirnaty,Sinovac - CoronaVac",2021-02-14,10,660249,9.673
Lesotho,LSO,AFRO,REPORTING,2022-12-11,1259488,998183,58.793,46.595,925976,43.224,"Beijing CNBG - BBIBP-CorV,Janssen - Ad26.COV 2-S,SII - Covishield",2021-03-10,3,137883,6.436
Liberia,LBR,AFRO,REPORTING,2022-12-11,4460668,3903802,88.196,77.186,3730967,73.768,SII - Covishield,2021-04-01,1,1987,0.039
Libya,LBY,EMRO,REPORTING,2023-01-16,3739158,2316327,54.417,33.71,1236102,17.989,"AstraZeneca - Vaxzevria,Beijing CNBG - BBIBP-CorV,Bharat - Covaxin,CanSino - Convidecia,Gamaleya - Gam-Covid-Vac,Gamaleya - Sputnik-Light,Janssen - Ad26.COV 2-S,Moderna - Spikevax,Pfizer BioNTech - Comirnaty,Sinovac - CoronaVac",2021-04-11,10,186729,2.718
Liechtenstein,LIE,OTHER,REPORTING,2022-04-10,71104,26681,183.5,68.86,26346,67.995,"Janssen - Ad26.COV 2-S,Moderna - Spikevax,Pfizer BioNTech - Comirnaty",2021-01-06,3,18310,47.255
Lithuania,LTU,EURO,REPORTING,2023-01-22,4529015,1955935,162.1,70.156,1906473,68.232,"AstraZeneca - Vaxzevria,Janssen - Ad26.COV 2-S,Moderna - Spikevax,Pfizer BioNTech - Comirnaty,Unknown Vaccine",2020-12-23,5,901460,32.263
Luxembourg,LUX,EURO,REPORTING,2023-01-22,1336196,469225,213.4,74.943,462639,73.891,"AstraZeneca - Vaxzevria,Janssen - Ad26.COV 2-S,Moderna - Spikevax,Moderna – Spikevax Bivalent Original/Omicron BA.1,Novavax-NUVAXOVID,Pfizer BioNTech - Comirnaty,Pfizer BioNTech - Comirnaty Bivalent Original/Omicron BA.1,Pfizer BioNTech - Comirnaty Bivalent Original/Omicron BA.4/BA.5",2020-12-30,8,368254,58.816
Madagascar,MDG,AFRO,REPORTING,2023-01-15,2514403,2183010,9.08,7.883,2107097,7.609,"Beijing CNBG - BBIBP-CorV,Janssen - Ad26.COV 2-S,SII - Covishield",2021-05-10,3,116188,0.42
Malawi,MWI,AFRO,REPORTING,2023-01-08,6876517,4932472,35.946,25.784,3927293,20.53,"Janssen - Ad26.COV 2-S,SII - Covishield",2021-03-11,2,1832738,9.58
Malaysia,MYS,WPRO,REPORTING,2023-01-22,72498692,28125196,223.996,86.897,27536594,85.079,"AstraZeneca - Vaxzevria,Beijing CNBG - BBIBP-CorV,CanSino - Convidecia,Gamaleya - Gam-Covid-Vac,Janssen - Ad26.COV 2-S,Moderna - Spikevax,Pfizer BioNTech - Comirnaty,Sinovac - CoronaVac",2021-02-24,8,16296842,50.352
Maldives,MDV,SEARO,REPORTING,2022-12-26,951419,399151,176.011,73.842,385081,71.24,"AstraZeneca - Vaxzevria,Beijing CNBG - BBIBP-CorV,Gamaleya - Gam-Covid-Vac,Janssen - Ad26.COV 2-S,Moderna - Spikevax,Pfizer BioNTech - Comirnaty,SII - Covishield,Sinovac - CoronaVac",2021-02-01,8,167187,30.929
Mali,MLI,AFRO,REPORTING,2023-01-15,4713015,3494626,23.273,17.257,2847193,14.06,SII - Covishield,2021-03-31,1,,
Malta,MLT,EURO,REPORTING,2023-01-22,1279793,450497,248.7,87.549,444871,86.456,"AstraZeneca - Vaxzevria,Janssen - Ad26.COV 2-S,Moderna - Spikevax,Pfizer BioNTech - Comirnaty",2020-12-23,4,352510,68.507
Marshall Islands,MHL,WPRO,REPORTING,2022-12-28,85198,45627,143.93,77.08,39571,66.85,"Janssen - Ad26.COV 2-S,Moderna - Spikevax,Pfizer BioNTech - Comirnaty",2020-12-29,3,18559,31.353
Martinique,MTQ,AMRO,REPORTING,2023-01-27,400007,150504,106.593,40.106,145247,38.705,Pfizer BioNTech - Comirnaty,,1,92631,24.684
Mauritania,MRT,AFRO,REPORTING,2022-12-25,4066473,2098993,87.457,45.143,1537298,33.063,"Beijing CNBG - BBIBP-CorV,SII - Covishield",2021-03-26,2,382922,8.235
Mauritius,MUS,AFRO,REPORTING,2023-01-01,2613037,1123773,205.465,88.363,1088142,85.561,"Beijing CNBG - BBIBP-CorV,Bharat - Covaxin,SII - Covishield",2021-01-26,3,639517,50.286
Mexico,MEX,AMRO,REPORTING,2023-01-27,225063079,99071001,174.558,76.839,81849962,63.483,"AstraZeneca - Vaxzevria,CanSino - Convidecia,CIGB - CIGB-66,Gamaleya - Gam-Covid-Vac,Janssen - Ad26.COV 2-S,Moderna - Spikevax,Pfizer BioNTech - Comirnaty,Sinovac - CoronaVac",2020-12-24,8,57026630,44.23
Micronesia (Federated States of),FSM,WPRO,REPORTING,2022-08-20,170346,70204,148.097,61.035,66174,57.531,"AstraZeneca - Vaxzevria,Janssen - Ad26.COV 2-S,Moderna - Spikevax,Pfizer BioNTech - Comirnaty",2021-01-13,4,30537,26.549
Monaco,MCO,EURO,REPORTING,2022-12-04,71027,25319,181,64.517,24933,63.533,"AstraZeneca - Vaxzevria,Janssen - Ad26.COV 2-S,Moderna - Spikevax,Novavax - Covavax,Novavax-NUVAXOVID,Pfizer BioNTech - Comirnaty,Unknown Vaccine",2021-06-30,7,17806,45.373
Mongolia,MNG,WPRO,REPORTING,2023-01-20,5666875,2283851,172.861,69.666,2185041,66.652,"AstraZeneca - Vaxzevria,Beijing CNBG - BBIBP-CorV,Gamaleya - Gam-Covid-Vac,Moderna - Spikevax,Pfizer BioNTech - Comirnaty,SII - Covishield",2021-02-23,6,1058176,32.278
Montenegro,MNE,EURO,REPORTING,2022-12-04,523735,272152,83.4,43.763,251583,40.456,"AstraZeneca - Vaxzevria,Beijing CNBG - BBIBP-CorV,Gamaleya - Gam-Covid-Vac,Pfizer BioNTech - Comirnaty,Unknown Vaccine",2021-02-24,5,0,0
Montserrat,MSR,AMRO,REPORTING,2023-01-27,4619,2104,92.398,42.088,1952,39.048,AstraZeneca - Vaxzevria,2021-02-08,1,563,11.262
Morocco,MAR,EMRO,REPORTING,2023-01-29,55373731,25017528,150.021,67.779,23518734,63.718,"AstraZeneca - Vaxzevria,Beijing CNBG - BBIBP-CorV,Bharat - Covaxin,CanSino - Convidecia,Gamaleya - Gam-Covid-Vac,Gamaleya - Sputnik-Light,Janssen - Ad26.COV 2-S,Moderna - Spikevax,Pfizer BioNTech - Comirnaty,Sinovac - CoronaVac",2021-01-28,10,6875379,18.627
Mozambique,MOZ,AFRO,REPORTING,2023-01-08,29140427,18640008,93.233,59.638,18454569,59.044,"Beijing CNBG - BBIBP-CorV,Janssen - Ad26.COV 2-S,SII - Covishield",2021-03-08,3,1007597,3.224
Myanmar,MMR,SEARO,REPORTING,2022-06-18,64549994,34777314,118.637,63.917,27545329,50.626,"Beijing CNBG - BBIBP-CorV,SII - Covishield",2021-01-27,2,2227351,4.094
Namibia,NAM,AFRO,REPORTING,2023-01-15,976964,817482,38.449,32.173,529074,20.822,"Beijing CNBG - BBIBP-CorV,Janssen - Ad26.COV 2-S,Pfizer BioNTech - Comirnaty,SII - Covishield",2021-03-19,4,105478,4.151
Nauru,NRU,WPRO,REPORTING,2022-07-11,24143,10493,222.845,96.853,8585,79.241,"AstraZeneca - Vaxzevria,SII - Covishield",2021-04-09,2,5065,46.751
Nepal,NPL,SEARO,REPORTING,2023-01-17,60789000,27678479,208.633,94.995,24159118,82.916,"AstraZeneca - Vaxzevria,Beijing CNBG - BBIBP-CorV,Bharat - Covaxin,Gamaleya - Gam-Covid-Vac,Janssen - Ad26.COV 2-S,Moderna - Spikevax,Pfizer BioNTech - Comirnaty,SII - Covishield",2021-01-27,8,8951403,30.722
Netherlands,NLD,EURO,REPORTING,2022-09-11,36105753,12776868,207.4,73.398,11957152,68.689,"AstraZeneca - Vaxzevria,Janssen - Ad26.COV 2-S,Moderna - Spikevax,Novavax-NUVAXOVID,Pfizer BioNTech - Comirnaty,Unknown Vaccine",2021-01-06,6,9417108,54.098
New Caledonia,NCL,WPRO,REPORTING,2023-01-03,478127,192206,167.471,67.323,184645,64.675,"Janssen - Ad26.COV 2-S,Pfizer BioNTech - Comirnaty",2021-01-20,2,101276,35.473
New Zealand,NZL,WPRO,REPORTING,2023-01-20,11971474,4248253,248.256,88.097,4090530,84.826,"AstraZeneca - Vaxzevria,Janssen - Ad26.COV 2-S,Novavax-NUVAXOVID,Pfizer BioNTech - Comirnaty",2021-02-19,4,2717565,56.355
Nicaragua,NIC,AMRO,REPORTING,2023-01-27,12190274,6205237,184.017,93.67,5985037,90.346,"AstraZeneca - Vaxzevria,CIGB - CIGB-66,Finlay - Soberana Plus,Finlay - Soberana-02,Gamaleya - Gam-Covid-Vac,Gamaleya - Sputnik-Light,Janssen - Ad26.COV 2-S,Pfizer BioNTech - Comirnaty,SII - Covishield",2021-03-03,9,,
Niger,NER,AFRO,REPORTING,2022-12-11,7187711,6072321,29.693,25.085,5308074,21.928,"Beijing CNBG - BBIBP-CorV,SII - Covishield",2021-03-29,2,,
Nigeria,NGA,AFRO,REPORTING,2023-01-08,108052995,76507342,52.417,37.114,63966056,31.03,SII - Covishield,2021-03-05,1,9755313,4.732
Niue,NIU,WPRO,REPORTING,2022-10-18,4920,1636,304.079,101.112,1634,100.989,Pfizer BioNTech - Comirnaty,2021-06-08,1,1224,75.649
North Macedonia,MKD,EURO,REPORTING,2023-01-08,1862732,854479,89.4,41.155,838085,40.365,"AstraZeneca - Vaxzevria,Beijing CNBG - BBIBP-CorV,Gamaleya - Gam-Covid-Vac,Moderna - Spikevax,Pfizer BioNTech - Comirnaty,Sinovac - CoronaVac,Wuhan CNBG - Inactivated",2021-02-17,7,161593,7.783
Northern Mariana Islands (Commonwealth of the),MNP,WPRO,REPORTING,2022-11-04,116159,46466,201.816,80.73,45012,78.204,"Janssen - Ad26.COV 2-S,Moderna - Spikevax,Pfizer BioNTech - Comirnaty",2020-12-19,3,24235,42.106
Norway,NOR,EURO,REPORTING,2023-01-22,12302543,4346117,229.2,80.97,4060967,75.657,"AstraZeneca - Vaxzevria,Janssen - Ad26.COV 2-S,Moderna - Spikevax,Pfizer BioNTech - Comirnaty",2020-12-23,4,3015774,56.185
occupied Palestinian territory,PSE,EMRO,REPORTING,2022-10-18,3748571,2012767,73.481,39.455,1776973,34.833,"AstraZeneca - Vaxzevria,Beijing CNBG - BBIBP-CorV,Bharat - Covaxin,CanSino - Convidecia,Gamaleya - Gam-Covid-Vac,Gamaleya - Sputnik-Light,Janssen - Ad26.COV 2-S,Moderna - Spikevax,Pfizer BioNTech - Comirnaty,Sinovac - CoronaVac",2021-02-02,10,336967,6.605
Oman,OMN,EMRO,REPORTING,2022-10-25,7086050,3257365,138.762,63.787,3048826,59.703,"AstraZeneca - Vaxzevria,Beijing CNBG - BBIBP-CorV,Bharat - Covaxin,CanSino - Convidecia,Gamaleya - Gam-Covid-Vac,Gamaleya - Sputnik-Light,Janssen - Ad26.COV 2-S,Moderna - Spikevax,Pfizer BioNTech - Comirnaty,SII - Covishield,Sinovac - CoronaVac",2020-12-29,11,779859,15.272
Pakistan,PAK,EMRO,REPORTING,2023-01-22,333085477,162206190,150.791,73.432,139217627,63.025,"AstraZeneca - Vaxzevria,Beijing CNBG - BBIBP-CorV,Bharat - Covaxin,CanSino - Convidecia,Gamaleya - Gam-Covid-Vac,Gamaleya - Sputnik-Light,Janssen - Ad26.COV 2-S,Moderna - Spikevax,Pfizer BioNTech - Comirnaty,SII - Covishield,Sinovac - CoronaVac",2021-02-03,11,49551181,22.432
Palau,PLW,WPRO,REPORTING,2022-11-21,53177,20100,293.925,111.099,18285,101.067,"Janssen - Ad26.COV 2-S,Moderna - Spikevax,Pfizer BioNTech - Comirnaty",2021-01-03,3,12866,71.114
Panama,PAN,AMRO,REPORTING,2023-01-27,8720218,3523328,202.102,81.657,3166438,73.386,"AstraZeneca - Vaxzevria,Pfizer BioNTech - Comirnaty",2021-01-20,2,1759920,40.788
Papua New Guinea,PNG,WPRO,REPORTING,2023-01-15,511082,371474,5.712,4.152,311068,3.477,"AstraZeneca - Vaxzevria,Beijing CNBG - BBIBP-CorV,Janssen - Ad26.COV 2-S,SII - Covishield",2021-03-30,4,32780,0.366
Paraguay,PRY,AMRO,REPORTING,2023-01-27,9538513,3984150,133.732,55.859,3539333,49.622,"AstraZeneca - Vaxzevria,Beijing CNBG - BBIBP-CorV,Bharat - Covaxin,Gamaleya - Gam-Covid-Vac,Julphar - Hayat-Vax,Moderna - Spikevax,Pfizer BioNTech - Comirnaty,Sinovac - CoronaVac",2021-02-22,8,1656901,23.23
Peru,PER,AMRO,REPORTING,2023-01-27,87027526,30252628,263.945,91.753,28468063,86.34,"AstraZeneca - Vaxzevria,Beijing CNBG - BBIBP-CorV,Moderna - Spikevax,Pfizer BioNTech - Comirnaty",2021-02-09,4,21844195,66.251
Philippines,PHL,WPRO,REPORTING,2023-01-19,170014442,78397169,155.149,71.543,73960026,67.493,"AstraZeneca - Vaxzevria,Beijing CNBG - BBIBP-CorV,Bharat - Covaxin,Gamaleya - Gam-Covid-Vac,Gamaleya - Sputnik-Light,Janssen - Ad26.COV 2-S,Julphar - Hayat-Vax,Moderna - Spikevax,Novavax-NUVAXOVID,Pfizer BioNTech - Comirnaty,Sinovac - CoronaVac",2021-03-01,11,21425727,19.552
Pitcairn Islands,PCN,WPRO,REPORTING,2022-02-28,138,55,276,110,37,74,AstraZeneca - Vaxzevria,2021-05-17,1,23,46
Poland,POL,EURO,REPORTING,2023-01-22,58022770,22943604,152.9,60.444,22670052,59.724,"AstraZeneca - Vaxzevria,Janssen - Ad26.COV 2-S,Moderna - Spikevax,Novavax-NUVAXOVID,Pfizer BioNTech - Comirnaty",2020-12-23,5,12489595,32.904
Portugal,PRT,EURO,REPORTING,2023-01-22,27639231,9777510,268.4,95.114,8891344,86.358,"AstraZeneca - Vaxzevria,Beijing CNBG - BBIBP-CorV,Bharat - Covaxin,Janssen - Ad26.COV 2-S,Moderna - Spikevax,Moderna – Spikevax Bivalent Original/Omicron BA.1,Novavax-NUVAXOVID,Pfizer BioNTech - Comirnaty,Pfizer BioNTech - Comirnaty Bivalent Original/Omicron BA.1,Pfizer BioNTech - Comirnaty Bivalent Original/Omicron BA.4/BA.5,Sinovac - CoronaVac",2020-12-23,11,7038533,68.362
Puerto Rico,PRI,AMRO,REPORTING,2023-01-27,7749944,2899674,270.896,101.357,2679889,93.674,"Janssen - Ad26.COV 2-S,Moderna - Spikevax,Novavax-NUVAXOVID,Pfizer BioNTech - Comirnaty",,4,1790654,62.592
Qatar,QAT,EMRO,REPORTING,2023-01-29,7605455,2851272,263.982,98.966,2851271,98.966,"AstraZeneca - Vaxzevria,Beijing CNBG - BBIBP-CorV,Bharat - Covaxin,CanSino - Convidecia,Gamaleya - Gam-Covid-Vac,Gamaleya - Sputnik-Light,Janssen - Ad26.COV 2-S,Moderna - Spikevax,Pfizer BioNTech - Comirnaty,Sinovac - CoronaVac",,10,1902912,66.049
Republic of Korea,KOR,WPRO,REPORTING,2023-01-10,136127066,44867343,265.514,87.513,44448097,86.696,"AstraZeneca - Vaxzevria,Janssen - Ad26.COV 2-S,Moderna - Spikevax,Novavax-NUVAXOVID,Pfizer BioNTech - Comirnaty",2021-02-26,5,33646923,65.628
Republic of Moldova,MDA,EURO,REPORTING,2023-01-22,2276473,1106068,56.4,27.419,1075464,26.66,"AstraZeneca - Vaxzevria,Beijing CNBG - BBIBP-CorV,Gamaleya - Gam-Covid-Vac,Janssen - Ad26.COV 2-S,Moderna - Spikevax,Pfizer BioNTech - Comirnaty,Sinovac - CoronaVac",2021-03-03,7,396362,9.826
Romania,ROU,EURO,REPORTING,2023-01-22,16102916,8186209,83.3,42.352,8140308,42.115,"AstraZeneca - Vaxzevria,Janssen - Ad26.COV 2-S,Moderna - Spikevax,Pfizer BioNTech - Comirnaty",2021-01-27,4,1766891,9.141
Russian Federation,RUS,EURO,OWID,2023-01-19,184329260,87827310,126.3,60.183,79057603,54.173,"SRCVB - EpiVacCorona, Gamaleya - Sputnik V",,2,,
Rwanda,RWA,AFRO,REPORTING,2023-01-01,26106436,10572981,201.56,81.631,9897876,76.418,"Beijing CNBG - BBIBP-CorV,Gamaleya - Gam-Covid-Vac,Janssen - Ad26.COV 2-S,Moderna - Spikevax,Pfizer BioNTech - Comirnaty,SII - Covishield,Sinovac - CoronaVac",2021-03-05,7,5879013,45.39
Saba,XCA,AMRO,REPORTING,2023-01-27,4471,1687,231.298,87.274,1657,85.722,,,,1127,58.303
"Saint Helena, Ascension and Tristan da Cunha",SHN,AFRO,OWID,2021-05-05,7892,4361,129.995,71.833,3531,58.162,AstraZeneca - AZD1222,,1,,
Saint Kitts and Nevis,KNA,AMRO,REPORTING,2023-01-27,64297,33794,120.877,63.532,27000,50.76,"AstraZeneca - Vaxzevria,Pfizer BioNTech - Comirnaty,SII - Covishield",2021-02-22,3,3465,6.514
Saint Lucia,LCA,AMRO,REPORTING,2023-01-27,122977,60140,66.971,32.751,54971,29.936,"AstraZeneca - Vaxzevria,Janssen - Ad26.COV 2-S,Moderna - Spikevax,Pfizer BioNTech - Comirnaty,SII - Covishield",2021-02-17,5,7866,4.284
Saint Vincent and the Grenadines,VCT,AMRO,REPORTING,2023-01-27,73329,37481,66.098,33.785,31600,28.484,"AstraZeneca - Vaxzevria,Gamaleya - Gam-Covid-Vac,Gamaleya - Sputnik-Light,Pfizer BioNTech - Comirnaty,SII - Covishield",2021-02-01,5,4248,3.829
Samoa,WSM,WPRO,REPORTING,2022-12-09,449369,191162,226.48,96.345,177714,89.567,"AstraZeneca - Vaxzevria,Pfizer BioNTech - Comirnaty",2021-04-18,2,79313,39.973
San Marino,SMR,EURO,REPORTING,2022-05-22,69338,26357,204.3,76.501,23633,68.595,"Gamaleya - Gam-Covid-Vac,Pfizer BioNTech - Comirnaty",2021-02-24,2,19348,56.158
Sao Tome and Principe,STP,AFRO,REPORTING,2022-12-25,228291,127564,104.167,58.206,103963,47.437,"AstraZeneca - Vaxzevria,SII - Covishield",2021-03-15,2,33180,15.14
Saudi Arabia,SAU,EMRO,REPORTING,2022-12-04,68148406,26951666,195.751,77.416,25351683,72.821,"AstraZeneca - Vaxzevria,Beijing CNBG - BBIBP-CorV,Bharat - Covaxin,CanSino - Convidecia,Gamaleya - Gam-Covid-Vac,Gamaleya - Sputnik-Light,Janssen - Ad26.COV 2-S,Moderna - Spikevax,Pfizer BioNTech - Comirnaty,Sinovac - CoronaVac",2021-01-06,10,15845057,45.514
Senegal,SEN,AFRO,REPORTING,2023-01-01,2835726,2051994,16.936,12.255,1428481,8.531,"Beijing CNBG - BBIBP-CorV,Janssen - Ad26.COV 2-S,SII - Covishield",2021-02-23,3,725807,4.335
Serbia,SRB,EURO,REPORTING,2022-11-20,6719835,3396720,97,49.038,3323115,47.975,"AstraZeneca - Vaxzevria,Beijing CNBG - BBIBP-CorV,Gamaleya - Gam-Covid-Vac,Moderna - Spikevax,Pfizer BioNTech - Comirnaty",2020-12-23,5,0,0
Seychelles,SYC,AFRO,REPORTING,2022-12-11,219489,85803,223.178,87.245,81661,83.034,"Beijing CNBG - BBIBP-CorV,Gamaleya - Gam-Covid-Vac,Julphar - Hayat-Vax,SII - Covishield",2021-01-10,4,44705,45.456
Sierra Leone,SLE,AFRO,REPORTING,2023-01-01,6444983,4506129,80.795,56.489,3644025,45.682,"Beijing CNBG - BBIBP-CorV,SII - Covishield",2021-03-15,2,406021,5.09
Singapore,SGP,WPRO,REPORTING,2023-01-03,14875986,5160943,254.275,88.216,5119159,87.502,"AstraZeneca - Vaxzevria,Beijing CNBG - BBIBP-CorV,Moderna - Spikevax,Pfizer BioNTech - Comirnaty",2020-12-30,4,4595884,78.558
Sint Eustatius,XBA,AMRO,REPORTING,2023-01-27,4257,1791,135.616,57.056,1686,53.711,,,,780,24.849
Sint Maarten,SXM,AMRO,REPORTING,2023-01-27,65515,29788,152.78,69.465,26658,62.166,"AstraZeneca - Vaxzevria,Moderna - Spikevax,Pfizer BioNTech - Comirnaty",2021-02-22,3,9069,21.149
Slovakia,SVK,EURO,REPORTING,2023-01-15,7216326,2839013,132.2,52.017,2790756,51.133,"AstraZeneca - Vaxzevria,Gamaleya - Gam-Covid-Vac,Janssen - Ad26.COV 2-S,Moderna - Spikevax,Novavax-NUVAXOVID,Pfizer BioNTech - Comirnaty,Unknown Vaccine",2020-12-23,7,1685626,30.884
Slovenia,SVN,EURO,REPORTING,2023-01-22,3022905,1228558,144.2,58.618,1198156,57.168,"AstraZeneca - Vaxzevria,Janssen - Ad26.COV 2-S,Moderna - Spikevax,Novavax-NUVAXOVID,Pfizer BioNTech - Comirnaty,Unknown Vaccine",2020-12-23,6,654245,31.216
Solomon Islands,SLB,WPRO,REPORTING,2022-12-15,566981,324833,82.544,47.291,224065,32.621,"AstraZeneca - Vaxzevria,Beijing CNBG - BBIBP-CorV,Pfizer BioNTech - Comirnaty,SII - Covishield",2021-03-23,4,21203,3.087
Somalia,SOM,EMRO,REPORTING,2023-01-02,8726329,7729842,54.906,48.636,6529808,41.085,"AstraZeneca - Vaxzevria,Beijing CNBG - BBIBP-CorV,Bharat - Covaxin,CanSino - Convidecia,Gamaleya - Gam-Covid-Vac,Gamaleya - Sputnik-Light,Janssen - Ad26.COV 2-S,Moderna - Spikevax,Pfizer BioNTech - Comirnaty,SII - Covishield,Sinovac - CoronaVac",2021-03-16,11,,
South Africa,ZAF,AFRO,REPORTING,2022-12-25,38050611,23970891,64.157,40.417,21038797,35.473,"Janssen - Ad26.COV 2-S,Pfizer BioNTech - Comirnaty",2021-02-17,2,3877516,6.538
South Sudan,SSD,AFRO,REPORTING,2023-01-15,2322220,2271802,20.746,20.295,2229823,19.92,"Janssen - Ad26.COV 2-S,SII - Covishield",2021-04-06,2,,
Spain,ESP,EURO,REPORTING,2023-01-22,111975813,41314373,236.6,87.285,37473962,79.172,"AstraZeneca - Vaxzevria,Janssen - Ad26.COV 2-S,Moderna - Spikevax,Pfizer BioNTech - Comirnaty",2020-12-30,4,26463630,55.91
Sri Lanka,LKA,SEARO,REPORTING,2022-10-30,40116590,17143761,187.345,80.061,14752827,68.896,"AstraZeneca - Vaxzevria,Beijing CNBG - BBIBP-CorV,Gamaleya - Gam-Covid-Vac,Moderna - Spikevax,Pfizer BioNTech - Comirnaty,SII - Covishield",2021-01-29,6,8220002,38.387
Sudan,SDN,EMRO,REPORTING,2022-12-12,13711970,10504568,31.271,23.956,8302878,18.935,"AstraZeneca - Vaxzevria,Beijing CNBG - BBIBP-CorV,Bharat - Covaxin,CanSino - Convidecia,Gamaleya - Gam-Covid-Vac,Gamaleya - Sputnik-Light,Janssen - Ad26.COV 2-S,Moderna - Spikevax,Pfizer BioNTech - Comirnaty,SII - Covishield,Sinovac - CoronaVac",2021-03-09,11,922458,2.104
Suriname,SUR,AMRO,REPORTING,2023-01-27,554588,267820,94.538,45.654,237879,40.55,"AstraZeneca - Vaxzevria,Beijing CNBG - BBIBP-CorV,Moderna - Spikevax,Pfizer BioNTech - Comirnaty,SII - Covishield",2021-02-23,5,48889,8.334
Sweden,SWE,EURO,REPORTING,2023-01-22,23320750,7511352,225.8,72.731,7373502,71.396,"AstraZeneca - Vaxzevria,Moderna - Spikevax,Novavax-NUVAXOVID,Pfizer BioNTech - Comirnaty,Unknown Vaccine",2020-12-23,5,5571473,53.947
Switzerland,CHE,EURO,REPORTING,2023-01-22,16723147,6095420,193.2,70.827,5721341,66.481,"Janssen - Ad26.COV 2-S,Moderna - Spikevax,Moderna – Spikevax Bivalent Original/Omicron BA.1,Novavax-NUVAXOVID,Pfizer BioNTech - Comirnaty,Pfizer BioNTech - Comirnaty Bivalent Original/Omicron BA.1",2020-12-23,6,4966475,57.709
Syrian Arab Republic,SYR,EMRO,REPORTING,2023-01-16,4971203,3209797,28.406,18.341,2257085,12.897,"AstraZeneca - Vaxzevria,Beijing CNBG - BBIBP-CorV,Bharat - Covaxin,CanSino - Convidecia,Gamaleya - Gam-Covid-Vac,Gamaleya - Sputnik-Light,Janssen - Ad26.COV 2-S,Moderna - Spikevax,Pfizer BioNTech - Comirnaty,SII - Covishield,Sinovac - CoronaVac",2021-04-01,11,75881,0.434
Tajikistan,TJK,EURO,REPORTING,2022-12-04,18871161,5311967,197.9,55.695,5170582,54.212,"AstraZeneca - Vaxzevria,Gamaleya - Gam-Covid-Vac,Moderna - Spikevax,Pfizer BioNTech - Comirnaty,SII - Covishield,Sinovac - CoronaVac",2021-03-24,6,5200841,54.53
Thailand,THA,SEARO,REPORTING,2023-01-20,138844047,57559610,198.917,82.464,54077454,77.475,"AstraZeneca - Vaxzevria,Beijing CNBG - BBIBP-CorV,Janssen - Ad26.COV 2-S,Moderna - Spikevax,Pfizer BioNTech - Comirnaty,SII - Covishield,SII - Covovax,Sinovac - CoronaVac",2021-02-28,8,27206983,38.978
The United Kingdom,GBR,EURO,REPORTING,2022-09-11,151248820,53813491,222.8,79.068,50762968,74.586,"AstraZeneca - Vaxzevria,Moderna - Spikevax,Pfizer BioNTech - Comirnaty",2020-12-21,3,,
Timor-Leste,TLS,SEARO,REPORTING,2023-01-31,2008429,882547,152.333,66.938,797351,60.477,"AstraZeneca - Vaxzevria,Pfizer BioNTech - Comirnaty,SII - Covishield,Sinovac - CoronaVac",2021-04-07,4,328531,24.918
Togo,TGO,AFRO,REPORTING,2023-01-15,3398445,2244456,41.05,27.111,1554066,18.772,SII - Covishield,2021-03-10,1,427804,5.168
Tokelau,TKL,WPRO,REPORTING,2022-11-23,6342,2203,469.778,163.185,2203,163.185,Pfizer BioNTech - Comirnaty,2021-07-20,1,968,71.704
Tonga,TON,WPRO,REPORTING,2022-12-21,203466,87247,192.503,82.546,76889,72.746,"AstraZeneca - Vaxzevria,Pfizer BioNTech - Comirnaty",2021-04-14,2,38308,36.244
Trinidad and Tobago,TTO,AMRO,REPORTING,2023-01-27,1587067,754399,113.403,53.905,718352,51.33,"AstraZeneca - Vaxzevria,Beijing CNBG - BBIBP-CorV,Janssen - Ad26.COV 2-S,Pfizer BioNTech - Comirnaty,SII - Covishield",2021-02-17,5,172880,12.353
Tunisia,TUN,EMRO,REPORTING,2023-01-24,13243018,7217571,112.052,61.069,6398622,54.14,"AstraZeneca - Vaxzevria,Beijing CNBG - BBIBP-CorV,Bharat - Covaxin,CanSino - Convidecia,Gamaleya - Gam-Covid-Vac,Gamaleya - Sputnik-Light,Janssen - Ad26.COV 2-S,Moderna - Spikevax,Pfizer BioNTech - Comirnaty,Sinovac - CoronaVac",2021-03-13,10,1255169,10.62
Turkey,TUR,EURO,REPORTING,2022-12-25,139664329,50971437,165.6,61.899,50667016,60.931,"Pfizer BioNTech - Comirnaty, Sinovac - CoronaVac, Turkovac",,3,27892824,33.543
Turkmenistan,TKM,EURO,REPORTING,2022-12-04,8286809,3728004,137.4,61.812,3689171,61.168,"Anhui ZL - Zifivax,AstraZeneca - Vaxzevria,Beijing CNBG - BBIBP-CorV,Gamaleya - Gam-Covid-Vac,RIBSP - QazVac,SRCVB - EpiVacCorona,Unknown Vaccine",2021-02-24,7,434817,7.209
Turks and Caicos Islands,TCA,AMRO,REPORTING,2023-01-27,73907,32815,190.885,84.754,30710,79.317,Pfizer BioNTech - Comirnaty,2021-01-11,1,7443,19.224
Tuvalu,TUV,WPRO,REPORTING,2022-08-31,25591,9603,217.02,81.437,9322,79.054,AstraZeneca - Vaxzevria,2021-04-13,1,5528,46.879
Uganda,UGA,AFRO,REPORTING,2022-12-18,26299538,18867075,57.497,41.248,12961901,28.338,"Janssen - Ad26.COV 2-S,Moderna - Spikevax,Pfizer BioNTech - Comirnaty,SII - Covishield,Sinovac - CoronaVac",2021-03-10,5,453508,0.991
Ukraine,UKR,EURO,REPORTING,2022-02-27,31668577,15774300,72.4,36.069,15153577,34.65,"AstraZeneca - Vaxzevria,Janssen - Ad26.COV 2-S,Moderna - Spikevax,Pfizer BioNTech - Comirnaty,SII - Covishield,Sinovac - CoronaVac",2021-02-24,6,741197,1.695
United Arab Emirates,ARE,EMRO,REPORTING,2022-07-06,24922054,9991089,251.982,101.018,9792266,99.008,"AstraZeneca - Vaxzevria,Beijing CNBG - BBIBP-CorV,Bharat - Covaxin,CanSino - Convidecia,Gamaleya - Gam-Covid-Vac,Gamaleya - Sputnik-Light,Janssen - Ad26.COV 2-S,Moderna - Spikevax,Pfizer BioNTech - Comirnaty,SII - Covishield,Sinovac - CoronaVac",,11,5138699,51.956
United Republic of Tanzania,TZA,AFRO,REPORTING,2022-12-11,35994687,31191545,60.258,52.217,29270881,49.002,"Beijing CNBG - BBIBP-CorV,Janssen - Ad26.COV 2-S,Pfizer BioNTech - Comirnaty",2021-07-28,3,,
United States of America,USA,AMRO,REPORTING,2023-01-27,661064315,266028031,199.716,80.37,226939866,68.561,"Janssen - Ad26.COV 2-S,Moderna - Spikevax,Novavax-NUVAXOVID,Pfizer BioNTech - Comirnaty",2020-12-14,4,115159712,34.791
Uruguay,URY,AMRO,REPORTING,2023-01-27,8896357,3005506,256.104,86.521,2897717,83.418,"AstraZeneca - Vaxzevria,Pfizer BioNTech - Comirnaty,Sinovac - CoronaVac",2021-02-27,3,2072527,59.663
Uzbekistan,UZB,EURO,REPORTING,2023-01-15,73580492,21543755,219.8,64.369,17868588,53.388,"Anhui ZL - Zifivax,Gamaleya - Gam-Covid-Vac,Gamaleya - Sputnik-Light,Moderna - Spikevax,Pfizer BioNTech - Comirnaty,SII - Covishield,Sinovac - CoronaVac,Unknown Vaccine",2021-04-28,8,15073766,45.038
Vanuatu,VUT,WPRO,REPORTING,2022-08-28,292146,144290,95.117,46.978,131300,42.749,"AstraZeneca - Vaxzevria,Beijing CNBG - BBIBP-CorV,Janssen - Ad26.COV 2-S",2021-06-02,3,16556,5.39
Venezuela (Bolivarian Republic of),VEN,AMRO,REPORTING,2023-01-27,37860994,22157232,133.145,77.92,14287370,50.244,"Beijing CNBG - BBIBP-CorV,CIGB - CIGB-66,Finlay - Soberana-02,Gamaleya - Gam-Covid-Vac,Gamaleya - Sputnik-Light,Sinovac - CoronaVac",2021-02-22,6,651502,2.291
Viet Nam,VNM,WPRO,REPORTING,2023-01-12,265668329,90454197,272.932,92.927,85868733,88.217,"AstraZeneca - Vaxzevria,Beijing CNBG - BBIBP-CorV,CIGB - CIGB-66,Gamaleya - Gam-Covid-Vac,Moderna - Spikevax,Pfizer BioNTech - Comirnaty",2021-03-08,6,57505108,59.077
Wallis and Futuna,WLF,WPRO,REPORTING,2022-07-26,16782,6592,149.226,58.616,6989,62.147,Moderna - Spikevax,2021-03-19,1,3201,28.463
Yemen,YEM,EMRO,REPORTING,2023-01-03,1242982,1006274,4.167,3.374,761003,2.551,"AstraZeneca - Vaxzevria,Beijing CNBG - BBIBP-CorV,Bharat - Covaxin,CanSino - Convidecia,Gamaleya - Gam-Covid-Vac,Gamaleya - Sputnik-Light,Janssen - Ad26.COV 2-S,Moderna - Spikevax,Pfizer BioNTech - Comirnaty,SII - Covishield,Sinovac - CoronaVac",2021-04-20,11,59307,0.199
Zambia,ZMB,AFRO,REPORTING,2022-12-25,13614983,10959569,74.059,59.615,8555745,46.539,"Beijing CNBG - BBIBP-CorV,Janssen - Ad26.COV 2-S,SII - Covishield",2021-04-14,3,1031133,5.609
Zimbabwe,ZWE,AFRO,REPORTING,2022-11-13,12694853,6558577,85.413,44.127,4927696,33.154,"Beijing CNBG - BBIBP-CorV,Bharat - Covaxin,Gamaleya - Gam-Covid-Vac,Sinovac - CoronaVac",2021-02-18,4,1208580,8.132
